<?xml version="1.0" encoding="UTF-8"?>
<jcr:root xmlns:sling="http://sling.apache.org/jcr/sling/1.0" xmlns:cq="http://www.day.com/jcr/cq/1.0" xmlns:jcr="http://www.jcp.org/jcr/1.0" xmlns:nt="http://www.jcp.org/jcr/nt/1.0"
    jcr:primaryType="nt:unstructured"
    jcr:title="Category Teaser"
    sling:resourceType="cq/gui/components/authoring/dialog"
    extraClientlibs="[core.wcm.components.image.v1.editor]">
    <content
        jcr:primaryType="nt:unstructured"
        sling:resourceType="granite/ui/components/coral/foundation/container">
        <items jcr:primaryType="nt:unstructured">
            <tabs
                jcr:primaryType="nt:unstructured"
                sling:resourceType="granite/ui/components/coral/foundation/tabs"
                maximized="{Boolean}true">
                <items jcr:primaryType="nt:unstructured">
                    <properties
                        jcr:primaryType="nt:unstructured"
                        jcr:title="Main"
                        sling:resourceType="granite/ui/components/coral/foundation/fixedcolumns"
                        margin="{Boolean}true">
                        <items jcr:primaryType="nt:unstructured">
                            <content
                                jcr:primaryType="nt:unstructured"
                                sling:resourceType="granite/ui/components/coral/foundation/container"
                                margin="{Boolean}false">
                                <items jcr:primaryType="nt:unstructured">
                                    <allowedWidths
                                        jcr:primaryType="nt:unstructured"
                                        sling:resourceType="granite/ui/components/foundation/include"
                                        path="core/wcm/components/image/v1/image/cq:design_dialog/content/items/tabs/items/properties/items/content/items/allowedWidths">
                                        <field
                                            jcr:primaryType="nt:unstructured"
                                            sling:resourceType="granite/ui/components/foundation/include"
                                            path="core/wcm/components/image/v1/image/cq:design_dialog/content/items/tabs/items/properties/items/content/items/allowedWidths/field"/>
                                    </allowedWidths>
                                    <disableLazyLoading
                                        jcr:primaryType="nt:unstructured"
                                        sling:resourceType="granite/ui/components/foundation/include"
                                        path="core/wcm/components/image/v1/image/cq:design_dialog/content/items/tabs/items/properties/items/content/items/disableLazyLoading"/>
                                </items>
                            </content>
                        </items>
                    </properties>
                    <features
                        jcr:primaryType="nt:unstructured"
                        sling:hideResource="{Boolean}true"/>
                </items>
            </tabs>
        </items>
    </content>
</jcr:root>
