<?xml version="1.0" encoding="UTF-8"?>
<jcr:root xmlns:sling="http://sling.apache.org/jcr/sling/1.0" xmlns:cq="http://www.day.com/jcr/cq/1.0" xmlns:jcr="http://www.jcp.org/jcr/1.0" xmlns:nt="http://www.jcp.org/jcr/nt/1.0"
    jcr:primaryType="cq:Page">
    <jcr:content
        cq:lastModified="{Date}2016-04-06T21:07:11.682+02:00"
        cq:lastModifiedBy="admin"
        cq:lastRolledout="{Date}2016-04-06T21:07:11.685+02:00"
        cq:lastRolledoutBy="admin"
        cq:template="/libs/commerce/templates/section"
        jcr:mixinTypes="[cq:LiveRelationship]"
        jcr:primaryType="cq:PageContent"
        jcr:title="Men's"
        sling:resourceType="commerce/components/section"
        coverUrl="/content/dam/we-retail/en/people/mens/men_1.jpg">
        <templates
            cq:lastRolledout="{Date}2016-04-06T21:07:11.677+02:00"
            cq:lastRolledoutBy="admin"
            jcr:mixinTypes="[cq:LiveRelationship]"
            jcr:primaryType="nt:unstructured"
            proxyProductPages="false"/>
        <target
            cq:lastRolledout="{Date}2016-04-06T21:07:11.681+02:00"
            cq:lastRolledoutBy="admin"
            jcr:mixinTypes="[cq:LiveRelationship]"
            jcr:primaryType="nt:unstructured"
            coverImage="/content/dam/we-retail/en/people/mens/men_5.jpg"
            jcr_title="Men"/>
        <filter
            cq:lastRolledout="{Date}2016-04-06T21:07:11.685+02:00"
            cq:lastRolledoutBy="admin"
            jcr:mixinTypes="[cq:LiveRelationship]"
            jcr:primaryType="nt:unstructured"
            searchType="simple"/>
    </jcr:content>
    <coats/>
    <shirts/>
    <pants/>
    <shorts/>
    <scarfs/>
    <gloves/>
    <footwear/>
</jcr:root>
