<?xml version="1.0" encoding="UTF-8"?>
<jcr:root xmlns:sling="http://sling.apache.org/jcr/sling/1.0" xmlns:cq="http://www.day.com/jcr/cq/1.0" xmlns:jcr="http://www.jcp.org/jcr/1.0" xmlns:nt="http://www.jcp.org/jcr/nt/1.0"
    jcr:primaryType="cq:Page">
    <jcr:content
        cq:template="/libs/commerce/templates/section"
        jcr:primaryType="cq:PageContent"
        jcr:title="Men's"
        sling:resourceType="commerce/components/section"
        coverUrl="/content/dam/we-retail/en/people/mens/men_1.jpg">
        <templates
            jcr:primaryType="nt:unstructured"
            proxyProductPages="false"/>
        <target
            jcr:primaryType="nt:unstructured"
            coverImage="/content/dam/we-retail/en/people/mens/men_5.jpg"
            jcr_title="Men"/>
        <filter
            jcr:primaryType="nt:unstructured"
            searchType="simple"/>
    </jcr:content>
    <coats/>
    <shirts/>
    <pants/>
    <shorts/>
    <scarfs/>
    <gloves/>
    <footwear/>
</jcr:root>
